schema	android-ndk-nativeactivity-apk-v1
package	org.isomorphisms.greengrocer
version_code	1
version_name	0.1
abi	armeabi-v7a
native_library	libgreen_grocer.so
native_sha256	47fffa69814cdcd236a0e02a4cb9604de7e99a46bcc3c0b922ba89c42d07107b
manifest_sha256	778de26a29643c019fa65bed5f09f8708f94585267e4d1c42381dd2fd4182876
apk_sha256	0e606d472d86c50f7b705ee29938adf7a78f2103d968f77a758ffd0e23050c8a
signer_cert_sha256	de9b1d47c5a65e6d46a204b79dd9ee566b9d3c9832ba81ebc4213d3392e92ff9
source_commit	abe5bd2d6b54dcccf4f2badb84457dca63e35973
